"tx_chomage","libelle_departement","proportion_prive"
"6.4","CANTAL","0.3158"
"6.4","LOZERE","0.4000"
"6.8","MAYENNE","0.4182"
"7.3","AIN","0.2840"
"7.4","AVEYRON","0.4828"
"7.4","YVELINES","0.1722"
"7.5","HAUTE SAVOIE","0.4255"
"7.6","SAVOIE","0.2241"
"7.7","HAUTS DE SEINE","0.2550"
"7.7","JURA","0.2941"
"7.8","DEUX SEVRES","0.3382"
"7.8","ESSONNE","0.1791"
"7.9","PARIS","0.3366"
"8.0","ILLE ET VILAINE","0.4859"
"8.1","SEINE ET MARNE","0.1325"
"8.2","GERS","0.2500"
"8.2","MANCHE","0.3737"
"8.2","VENDEE","0.5745"
"8.4","CORREZE","0.1351"
"8.4","HAUTE LOIRE","0.4706"
"8.4","PYRENEES ATLANTIQUES","0.4486"
"8.4","VIENNE","0.3279"
"8.5","ISERE","0.2875"
"8.6","COTE D'OR","0.2297"
"8.6","LOIRE ATLANTIQUE","0.4659"
"8.8","BAS RHIN","0.1157"
"8.8","LOIR ET CHER","0.3125"
"8.8","PUY DE DOME","0.2871"
"8.9","VAL DE MARNE","0.1818"
"9.1","RHONE","0.3453"
"9.2","COTES D'ARMOR","0.4314"
"9.2","FINISTERE","0.4965"
"9.2","INDRE ET LOIRE","0.2967"
"9.2","LOT","0.1613"
"9.2","SAONE ET LOIRE","0.2410"
"9.3","DOUBS","0.3253"
"9.3","HAUTE SAONE","0.3023"
"9.3","HAUTES ALPES","0.1579"
"9.3","NIEVRE","0.1591"
"9.4","HAUTE MARNE","0.2000"
"9.4","MORBIHAN","0.5446"
"9.5","LANDES","0.2462"
"9.5","MAINE ET LOIRE","0.5313"
"9.5","ORNE","0.4242"
"9.6","CREUSE","0.0000"
"9.6","EURE ET LOIR","0.3016"
"9.6","MARNE","0.2785"
"9.6","YONNE","0.1957"
"9.7","CALVADOS","0.2843"
"9.7","INDRE","0.1500"
"9.8","CORSE DU SUD","0.0667"
"9.9","HAUT RHIN","0.1765"
"9.9","HAUTE VIENNE","0.1250"
"9.9","LOIRET","0.2529"
"9.9","SARTHE","0.3366"
"10.0","CHARENTE","0.2459"
"10.0","GIRONDE","0.2560"
"10.0","MEURTHE ET MOSELLE","0.1887"
"10.0","MEUSE","0.2791"
"10.0","OISE","0.2157"
"10.1","LOIRE","0.4336"
"10.1","VAL D'OISE","0.1959"
"10.2","MOSELLE","0.1742"
"10.3","HAUTE GARONNE","0.1973"
"10.4","LOT ET GARONNE","0.3077"
"10.5","EURE","0.2000"
"10.6","ALPES MARITIMES","0.2136"
"10.6","DORDOGNE","0.2381"
"10.7","ALLIER","0.2105"
"10.7","CHARENTE MARITIME","0.2317"
"10.7","CHER","0.1905"
"10.7","TARN","0.3333"
"10.8","ARDECHE","0.4231"
"11.1","TERRITOIRE DE BELFORT","0.1364"
"11.1","VAR","0.1959"
"11.2","DROME","0.3676"
"11.3","HAUTES PYRENEES","0.2571"
"11.4","SEINE MARITIME","0.2086"
"11.5","VOSGES","0.2817"
"11.6","HAUTE CORSE","0.0625"
"11.7","ALPES DE HAUTE PROVENCE","0.1250"
"11.7","BOUCHES DU RHONE","0.3094"
"11.8","TARN ET GARONNE","0.3714"
"12.0","SOMME","0.3253"
"12.1","ARDENNES","0.1569"
"12.1","ARIEGE","0.1600"
"12.5","AUBE","0.3023"
"12.6","PAS DE CALAIS","0.2500"
"12.7","NORD","0.3286"
"12.9","VAUCLUSE","0.2895"
"13.0","SEINE SAINT DENIS","0.1930"
"13.5","AUDE","0.2273"
"13.7","GARD","0.2857"
"13.9","AISNE","0.2299"
"13.9","HERAULT","0.2339"
"15.4","PYRENEES ORIENTALES","0.2353"
